year,trades,net_pnl_rupees
2025,141,-20750.72791293827
2026,49,-10603.804301335687
