{
  "cells": [
    {
      "bootstrap_mean_net_95pct_ci": [
        -328.8500065987977,
        -249.8405293595615
      ],
      "cost_rupees": {
        "count": 428,
        "mean": 291.41112819201555,
        "median": 254.4806533212166,
        "p05": 211.66344247794837,
        "p95": 504.9131173357423,
        "sum": 124723.96286618266,
        "win_rate": 1.0
      },
      "coverage": 0.8699186991869918,
      "gross_pnl_points": {
        "count": 428,
        "mean": -0.15654205607476543,
        "median": -0.2999999999999865,
        "p05": -8.450000000000001,
        "p95": 9.794999999999979,
        "sum": -66.9999999999996,
        "win_rate": 0.4485981308411215
      },
      "gross_pnl_rupees": {
        "count": 428,
        "mean": 2.7050233644860366,
        "median": -11.249999999999005,
        "p05": -389.62500000000006,
        "p95": 528.25,
        "sum": 1157.7500000000236,
        "win_rate": 0.4485981308411215
      },
      "horizon_minutes": 60,
      "mapping": "inverse",
      "net_pnl_rupees": {
        "count": 428,
        "mean": -288.70610482752954,
        "median": -289.2819635068073,
        "p05": -703.5923726326126,
        "p95": 306.82478527956584,
        "sum": -123566.21286618264,
        "win_rate": 0.1191588785046729
      },
      "net_return_on_margin": {
        "count": 428,
        "mean": -0.005829397839707774,
        "median": -0.005902529317113513,
        "p05": -0.015457173692316828,
        "p95": 0.005718797249257575,
        "sum": -2.494982275394927,
        "win_rate": 0.1191588785046729
      },
      "trades": 428
    },
    {
      "bootstrap_mean_net_95pct_ci": [
        -303.4229729677793,
        -191.23861079628324
      ],
      "cost_rupees": {
        "count": 335,
        "mean": 289.3396953576377,
        "median": 249.59864385331792,
        "p05": 211.22737494187993,
        "p95": 526.2532733219956,
        "sum": 96928.79794480864,
        "win_rate": 1.0
      },
      "coverage": 0.6808943089430894,
      "gross_pnl_points": {
        "count": 335,
        "mean": 0.22880597014925433,
        "median": -0.1999999999999993,
        "p05": -12.725000000000001,
        "p95": 15.424999999999999,
        "sum": 76.6500000000002,
        "win_rate": 0.4597014925373134
      },
      "gross_pnl_rupees": {
        "count": 335,
        "mean": 42.31865671641793,
        "median": -7.499999999999574,
        "p05": -612.7500000000001,
        "p95": 1021.5000000000002,
        "sum": 14176.750000000005,
        "win_rate": 0.4597014925373134
      },
      "horizon_minutes": 120,
      "mapping": "inverse",
      "net_pnl_rupees": {
        "count": 335,
        "mean": -247.02103864121983,
        "median": -295.8606860920953,
        "p05": -860.901026989185,
        "p95": 805.0753441134235,
        "sum": -82752.04794480864,
        "win_rate": 0.191044776119403
      },
      "net_return_on_margin": {
        "count": 335,
        "mean": -0.005511791683122199,
        "median": -0.006389894646019773,
        "p05": -0.02046822258216111,
        "p95": 0.011837982450831463,
        "sum": -1.8464502138459367,
        "win_rate": 0.191044776119403
      },
      "trades": 335
    },
    {
      "bootstrap_mean_net_95pct_ci": [
        -289.86264830084644,
        -74.25784319344702
      ],
      "cost_rupees": {
        "count": 242,
        "mean": 286.0276151246068,
        "median": 246.16993238536793,
        "p05": 208.73576371181218,
        "p95": 541.0652200403312,
        "sum": 69218.68286015485,
        "win_rate": 1.0
      },
      "coverage": 0.491869918699187,
      "gross_pnl_points": {
        "count": 242,
        "mean": 1.3886363636363641,
        "median": 0.04999999999998295,
        "p05": -23.922500000000003,
        "p95": 24.337499999999995,
        "sum": 336.0500000000001,
        "win_rate": 0.5
      },
      "gross_pnl_rupees": {
        "count": 242,
        "mean": 104.59710743801652,
        "median": 3.7499999999989875,
        "p05": -1176.1749999999997,
        "p95": 1379.8125,
        "sum": 25312.5,
        "win_rate": 0.5
      },
      "horizon_minutes": 180,
      "mapping": "inverse",
      "net_pnl_rupees": {
        "count": 242,
        "mean": -181.43050768659032,
        "median": -272.9892925043399,
        "p05": -1412.582749712958,
        "p95": 1155.9605344172062,
        "sum": -43906.182860154855,
        "win_rate": 0.30165289256198347
      },
      "net_return_on_margin": {
        "count": 242,
        "mean": -0.004163858520771051,
        "median": -0.005435650472327332,
        "p05": -0.03100355429877634,
        "p95": 0.02141994919070906,
        "sum": -1.0076537620265942,
        "win_rate": 0.30165289256198347
      },
      "trades": 242
    },
    {
      "bootstrap_mean_net_95pct_ci": [
        -331.7916741527544,
        -254.19130593748966
      ],
      "cost_rupees": {
        "count": 428,
        "mean": 291.4134786407711,
        "median": 254.49943565000063,
        "p05": 211.46039524422883,
        "p95": 504.9782267748928,
        "sum": 124724.96885825002,
        "win_rate": 1.0
      },
      "coverage": 0.8699186991869918,
      "gross_pnl_points": {
        "count": 428,
        "mean": 0.15654205607476543,
        "median": 0.2999999999999865,
        "p05": -9.794999999999984,
        "p95": 8.450000000000001,
        "sum": 66.9999999999996,
        "win_rate": 0.5490654205607477
      },
      "gross_pnl_rupees": {
        "count": 428,
        "mean": -2.7050233644860366,
        "median": 11.249999999999005,
        "p05": -528.2500000000001,
        "p95": 389.62499999999955,
        "sum": -1157.7500000000236,
        "win_rate": 0.5490654205607477
      },
      "horizon_minutes": 60,
      "mapping": "requested",
      "net_pnl_rupees": {
        "count": 428,
        "mean": -294.11850200525714,
        "median": -302.8027946695056,
        "p05": -837.4926332220738,
        "p95": 160.89623054222028,
        "sum": -125882.71885825005,
        "win_rate": 0.08411214953271028
      },
      "net_return_on_margin": {
        "count": 428,
        "mean": -0.0057251203283441845,
        "median": -0.006230257702767902,
        "p05": -0.015246799949691898,
        "p95": 0.0032696070309758242,
        "sum": -2.450351500531311,
        "win_rate": 0.08411214953271028
      },
      "trades": 428
    },
    {
      "bootstrap_mean_net_95pct_ci": [
        -385.811431746754,
        -274.14462078947565
      ],
      "cost_rupees": {
        "count": 335,
        "mean": 289.3104236866214,
        "median": 249.17308590101504,
        "p05": 211.3120500911887,
        "p95": 526.2185005248457,
        "sum": 96918.99193501817,
        "win_rate": 1.0
      },
      "coverage": 0.6808943089430894,
      "gross_pnl_points": {
        "count": 335,
        "mean": -0.22880597014925433,
        "median": 0.1999999999999993,
        "p05": -15.424999999999995,
        "p95": 12.725000000000009,
        "sum": -76.6500000000002,
        "win_rate": 0.5313432835820896
      },
      "gross_pnl_rupees": {
        "count": 335,
        "mean": -42.31865671641793,
        "median": 7.499999999999574,
        "p05": -1021.4999999999999,
        "p95": 612.7500000000003,
        "sum": -14176.750000000005,
        "win_rate": 0.5313432835820896
      },
      "horizon_minutes": 120,
      "mapping": "requested",
      "net_pnl_rupees": {
        "count": 335,
        "mean": -331.6290804030394,
        "median": -300.0546081849247,
        "p05": -1237.2881950901142,
        "p95": 382.68566385695425,
        "sum": -111095.74193501819,
        "win_rate": 0.1373134328358209
      },