year,gross_pnl_rupees,total_cost_rupees,net_pnl_rupees,turnover_rupees,maximum_drawdown_pct
2021,26528.75,6324.973537306089,20203.77646269391,672341.1348974213,-0.0076205277761951
2022,36494.99999999999,9448.648027262587,27046.351972737404,1380365.5666224163,-0.0052283369377318
2023,28945.0,5359.8720847337245,23585.127915266276,592234.6910829716,-0.0075583950702939
2024,22231.250000000004,7118.634472543537,15112.615527456464,1352169.8227700733,-0.0052828862462556
2025,28916.249999999996,10768.301550928813,18147.948449071187,1753045.297065269,-0.0066270989389561
2026,9896.250000000005,5008.587728950499,4887.662271049507,920371.1653461108,-0.0027115793205185
