group,trades,gross_pnl_rupees,total_cost_rupees,net_pnl_rupees,mean_net_pnl_rupees,median_net_pnl_rupees,win_rate,average_lots,cost_drag_pct_gross,event_window_business_days,inference_status
non_event_week,59,128671.25,30983.34576622138,97687.90423377862,1655.7271904030274,2041.8219831024253,0.6949152542372882,6.322033898305085,0.24079462790810985,5,descriptive_not_causal
event_week,27,24341.25,13045.671635503868,11295.578364496127,418.3547542405973,382.2987316510664,0.5925925925925926,6.888888888888889,0.5359491248602215,5,descriptive_not_causal
event_type:national_election|rbi_mpc,1,-412.5000000000039,1217.3971090110158,-1629.8971090110197,-1629.8971090110197,-1629.8971090110197,0.0,11.0,,5,descriptive_only_small_n
event_type:rbi_mpc,26,24753.75,11828.27452649285,12925.475473507146,497.13367205796715,784.3868429330677,0.6153846153846154,6.730769230769231,0.4778376822296763,5,descriptive_not_causal
