slippage_multiplier,gross_pnl_rupees,charges_rupees,slippage_rupees,net_pnl_rupees,mean_net_pnl_rupees,win_rate,break_even_slippage_multiplier
0.0,153012.5,21877.70010821564,0.0,131134.79989178438,1524.8232545556323,0.6744186046511628,5.919954924315367
0.5,153012.5,21877.70010821564,11075.658646754804,120059.14124502956,1396.036526104995,0.6744186046511628,5.919954924315367
1.0,153012.5,21877.70010821564,22151.317293509608,108983.48259827476,1267.2497976543577,0.6627906976744186,5.919954924315367
1.25,153012.5,21877.70010821564,27689.14661688701,103445.65327489734,1202.8564334290388,0.6511627906976745,5.919954924315367
1.5,153012.5,21877.70010821564,33226.97594026441,97907.82395151992,1138.4630692037201,0.6395348837209303,5.919954924315367
2.0,153012.5,21877.70010821564,44302.634587019216,86832.16530476513,1009.676340753083,0.6046511627906976,5.919954924315367
3.0,153012.5,21877.70010821564,66453.95188052882,64680.84801125551,752.1028838518083,0.6046511627906976,5.919954924315367
